Original Sentence,Cleaned Sentence,Predefined Topic,BERTopic Topic,Topic Probability
"EE:	Pues estaban allegados a Pro-Justicia y también este señor Villarreal, don Lázaro",ee pues allegados projusticia señor villarreal lázaro,Return and Reflections / Retorno y reflexiones,-1,0.0
"MP:	Y si ustedes por ejemplo ya decían: “No, pues ya mejor me regreso a mi casa”, o, “ya no quiero seguir trabajando aquí”",mp si ustedes ejemplo decían pues mejor regreso casa quiero seguir trabajando aquí,Return and Reflections / Retorno y reflexiones,95,0.8135195216531226
"Entonces informé con el correo y no, este, no había llegado y estaban por hacérmelo boruca",entonces informé correo llegado hacérmelo boruca,Return and Reflections / Retorno y reflexiones,35,0.9677480492917382
"Habló a las oficinas, dijo: “El dinero está en México, tu dinero está en México y si por alguna causa no te ha llegado, me hablas”",habló oficinas dijo dinero méxico dinero méxico si alguna causa llegado hablas,Return and Reflections / Retorno y reflexiones,219,0.8008021277543557
"AQ:	Sí, nos agarraban y metían en ahí ese que meten en, en las… Hacen los cambios, lo metían a un cambio y lo…Y paraban ahí y luego de ahí le, lo conectaban con agua y escusado y todo, ¿no",aq agarraban metían ahí meten hacen cambios metían cambio loy paraban ahí luego ahí conectaban agua escusado,Return and Reflections / Retorno y reflexiones,44,0.6860457527103236
"Le dije: “Pos a mí, si no te gusta”, le digo, “dame el cheque de regreso y me voy”, le dije, “y se acabó el lío",dije pos si gusta digo dame cheque regreso voy dije acabó lío,Return and Reflections / Retorno y reflexiones,55,0.3635540448073924
"Y, luego ya…  MP:	Entonces, no batalló para, ya cuando vino de regreso a Estados Unidos, pos, en realidad, no batalló, ¿verdad",luego mp entonces batalló vino regreso unidos pos realidad batalló verdad,Return and Reflections / Retorno y reflexiones,9,1.0
"Entonces informé con el correo y no, este, no había llegado y estaban por hacérmelo boruca",entonces informé correo llegado hacérmelo boruca,Return and Reflections / Retorno y reflexiones,35,0.9453946999314907
"Habló a las oficinas, dijo: “El dinero está en México, tu dinero está en México y si por alguna causa no te ha llegado, me hablas”",habló oficinas dijo dinero méxico dinero méxico si alguna causa llegado hablas,Return and Reflections / Retorno y reflexiones,219,0.9789780630195525
"MP:	Ah, ¿o sea que de todas maneras ellos pagaban el viaje de regreso",mp ah todas maneras pagaban viaje regreso,Return and Reflections / Retorno y reflexiones,115,0.5941247573248543
"MP:	Y ustedes, ¿sí podían llevar con ustedes, no sé por ejemplo, cambios de ropa o cobijas o herramientas para trabajar",mp ustedes podían llevar ustedes sé ejemplo cambios ropa cobijas herramientas trabajar,Return and Reflections / Retorno y reflexiones,22,0.5183899422328041
"Yo creo que por eso no vigilaban mucho los ranchos, porque sí, ahí estuvo uno que había llegado de mojado, pero una gente nomás, pero no, nunca",creo vigilaban ranchos ahí llegado mojado gente nomás nunca,Return and Reflections / Retorno y reflexiones,0,0.9294079758688867
"No ya, pos estuvimos listos ya, cuando pasó ya el camión ya de regreso, éramos diez nomás, pero ya cuando vino por la gente ya éramos veinte, ya se animaron más gentes de ese rancho",pos listos pasó camión regreso diez nomás vino gente veinte animaron gentes rancho,Return and Reflections / Retorno y reflexiones,-1,0.0
"MP:	Y cuándo se fueron ustedes, ¿les permitían llevar, no sé, cambios de ropa, cobijas, almohada, zapatos a donde iban",mp cuándo ustedes permitían llevar sé cambios ropa cobijas almohada zapatos iban,Return and Reflections / Retorno y reflexiones,87,0.7035198513778483
"HQ:	No, ellos nos contestaban luego luego que ya había llegado el dinero",hq contestaban luego luego llegado dinero,Return and Reflections / Retorno y reflexiones,194,0.2712955962576262
"Y entonces este, llegaron tres y creo que todos, pararon una pipa y se mataron creo que dos y apenas tenían como unos tres días que habían llegado",entonces llegaron tres creo pararon pipa mataron creo dos apenas tres días llegado,Return and Reflections / Retorno y reflexiones,121,0.8531575987929976
"MP:	Ya para terminar con la entrevista, no sé, algún comentario que quisiera usted hacer ya para finalizar, alguna reflexión de todo lo que vivió, bueno, malo o no sé…  NC:	Pues, ¿qué le podría decir yo",mp terminar entrevista sé algún comentario quisiera usted hacer finalizar alguna reflexión vivió bueno malo sé nc pues podría decir,Return and Reflections / Retorno y reflexiones,146,1.0
"TZ:	Sí podía, sí podía uno llevarse cambios y ahí había onde quedarse, se estaba uno, tres, cuatro días y luego ya lo contrataban para onde le tocara",tz podía podía llevarse cambios ahí onde quedarse tres cuatro días luego contrataban onde tocara,Return and Reflections / Retorno y reflexiones,269,1.0
"MP:	Ah, ¿o sea que de todas maneras ellos pagaban el viaje de regreso",mp ah todas maneras pagaban viaje regreso,Return and Reflections / Retorno y reflexiones,115,0.6008112325735205
"Y sí, luego luego, pos si sabe uno, si sabía el de cambios cuantimás de este, es nomás aquí y acá la cuestión de la herramienta, pos sí, sí le supe",luego luego pos si sabe si sabía cambios cuantimás nomás aquí acá cuestión herramienta pos supe,Return and Reflections / Retorno y reflexiones,-1,0.0
"Y luego ya nos trajieron otra vez de regreso y ahí en Fort Lupton, Colorado nos contratamos para Lamosa(",luego trajieron vez regreso ahí fort lupton colorado contratamos lamosa,Return and Reflections / Retorno y reflexiones,-1,0.0
"Yo, yo siempre pagué mis pasajes allá al pueblo y de regreso también",siempre pagué pasajes allá pueblo regreso,Return and Reflections / Retorno y reflexiones,-1,0.0
"Y luego mi hermano se enojó porque, sí el mayor así es medio, pos uno dice que es orgulloso así, pero no, este no, no es muy platicador",luego hermano enojó mayor así medio pos dice orgulloso así platicador,Return and Reflections / Retorno y reflexiones,7,1.0
"Y no, pos nos fue bien y hasta nos venimos de regreso porque todavía no empezaban a, nomás estaban repartiendo los números",pos bien venimos regreso todavía empezaban nomás repartiendo números,Return and Reflections / Retorno y reflexiones,70,0.736616340464543
", ¿usted sabe si lo mandaron de regreso el cuerpo",usted sabe si mandaron regreso cuerpo,Return and Reflections / Retorno y reflexiones,23,1.0
"LM:	Oiga don Carlos y, ¿cómo fue la vida después de haber trabajado como bracero",lm oiga carlos cómo vida después haber trabajado bracero,Return and Reflections / Retorno y reflexiones,45,1.0
"Sometimes, I would be going by when he was querying them, after their return from the farms, and he would point at me, and he would ask them, in Spanish of course, “¿Cómo los trato el Sargento Mal Pagado",sometimes would going querying return farms would point would ask spanish course cómo trato sargento mal pagado,Return and Reflections / Retorno y reflexiones,36,0.7381978390810113
RC:	What is your sense of what percentage of braceros actually returned to Mexico,rc sense percentage braceros actually returned mexico,Return and Reflections / Retorno y reflexiones,24,0.6001957581665341
"CC:	Yes, we would hear of them, and on occasion we would hear some braceros returning home on crutches or with canes",cc yes would hear occasion would hear braceros returning home crutches canes,Return and Reflections / Retorno y reflexiones,305,0.29217866386656743
"En esos días, de que estaba yo recién llegado a El Vergel, pues tuvimos que andar viviendo por acá, en casitas que había… 2do:	Prestado",días recién llegado vergel pues andar viviendo acá casitas 2do prestado,Return and Reflections / Retorno y reflexiones,139,1.0
", acuérdese que usted varias veces los que han ido de braceros al mes ya están en la, en el rancho de regreso y usted los regañaba",acuérdese usted varias veces ido braceros mes rancho regreso usted regañaba,Return and Reflections / Retorno y reflexiones,0,0.3839632624195303
"Ya me dijo: “Mire, estos son los cambios acá y acá, ya está la primera, segunda y tercera y todo”",dijo mire cambios acá acá primera segunda tercera,Return and Reflections / Retorno y reflexiones,32,0.7465655196180129
RB:	I guess it reflects more on the total immersion you were put into over there in the Mexican school,rb guess reflects total immersion put mexican school,Return and Reflections / Retorno y reflexiones,24,0.6490426669640686
"FC:	Y a usted no le tocó ahí dentro del centro en el que usted estuvo trabajando, ¿no le tocó que regresaran por ahí mismo, que pasaran por ahí o usted ya nos los veía de regreso",fc usted tocó ahí dentro centro usted trabajando tocó regresaran ahí mismo pasaran ahí usted veía regreso,Return and Reflections / Retorno y reflexiones,72,0.059242517284293084
"MP:	Y en ese tren, bueno, ¿a ustedes les permitían llevar cobijas, cambios de ropa, navajas o algo para trabajar",mp tren bueno ustedes permitían llevar cobijas cambios ropa navajas trabajar,Return and Reflections / Retorno y reflexiones,14,0.12139888730379149
"IP:	No, es orgullo, digamos que me diga, pues: “Tú eres un bracero, tú eres un persona que… “Ta bien”, ¿eso qué",ip orgullo digamos diga pues bracero persona ta bien,Return and Reflections / Retorno y reflexiones,297,1.0
"No, no para bien, porque el orgullo porque somos, tenemos orgullo a personas no le hace que nos estemos muriendo, pero hay este orgullo que, no sé, no se da uno a vencer",bien orgullo orgullo personas hace muriendo orgullo sé da vencer,Return and Reflections / Retorno y reflexiones,297,1.0
"Y entonces, pero de todos modos ya se hizo y es una orgullo para mí que lo hayan hecho y es un placer y me siento con ese orgullo de que salga esto, o que esté ahí grabado",entonces modos hizo orgullo hecho placer siento orgullo salga ahí grabado,Return and Reflections / Retorno y reflexiones,297,1.0
"JC:	No, pos sentimos, me siento orgulloso porque pos yo fui bracero y vine a trabajar aquí a Estados Unidos",jc pos sentimos siento orgulloso pos bracero vine trabajar aquí unidos,Return and Reflections / Retorno y reflexiones,-1,0.0
Cuando llegamos nosotros le notificó que habíamos llegado como sesenta y cinco trabajadores de vía,llegamos notificó llegado sesenta cinco trabajadores vía,Return and Reflections / Retorno y reflexiones,-1,0.0
"Igualmente que en Juárez le mandaban al secretario, nomás que el secretario era, general en Juárez es, en Chihuahua es sección 5 del Sindicato de Ferrocarriles, y en Juárez es este, delegación, delegado, perteneciente al mando del Secretario General de Chihuahua",igualmente juárez mandaban secretario nomás secretario general juárez chihuahua sección 5 sindicato ferrocarriles juárez delegación delegado perteneciente mando secretario general chihuahua,Return and Reflections / Retorno y reflexiones,332,0.6688907266882438
"Delegación, delegado, pero de todos modos le mandaban al secretario delegado en Juárez dinero y poco que ponía ahí el sindicato para festejarnos",delegación delegado modos mandaban secretario delegado juárez dinero ponía ahí sindicato festejarnos,Return and Reflections / Retorno y reflexiones,332,0.482249761606
"L MC:	A mí me gustaba, me convenía porque de regreso: “Vamos a llegar a echar un taquito don Lencho”",l mc gustaba convenía regreso vamos llegar echar taquito lencho,Return and Reflections / Retorno y reflexiones,-1,0.0
"FC:	Y por ejemplo, ¿qué pasaba, señora María Julia, si llegaba mucha gente y ya se había llegado la hora de cerrar de ustedes",fc ejemplo pasaba señora maría julia si llegaba mucha gente llegado hora cerrar ustedes,Return and Reflections / Retorno y reflexiones,151,0.35754208082090655
We had to make sure that the people that left came back and returned to Mexico,make sure people left came back returned mexico,Return and Reflections / Retorno y reflexiones,-1,0.0
"”  I felt bad, not only because of the illness, but because they were going to be returned to Mexico",felt bad illness going returned mexico,Return and Reflections / Retorno y reflexiones,-1,0.0
"They would be returned, and they would be given medical care",would returned would given medical care,Return and Reflections / Retorno y reflexiones,58,0.35423973179077034
"LM:	Don Nereo, cuénteme, ¿cómo fue su vida después de que dejó de trabajar como bracero",lm nereo cuénteme cómo vida después dejó trabajar bracero,Return and Reflections / Retorno y reflexiones,45,1.0
"Y no salía equivocado con nada, lírico, el que tuve ese orgullo de ser hasta patrón se puede decir",salía equivocado lírico orgullo ser patrón puede decir,Return and Reflections / Retorno y reflexiones,297,0.6564976194764365
"It was a case study of Chihuahua, and the history of where they went, what they did, the type of work they did, and what impact this had on different communities",case study chihuahua history went type work impact different communities,Return and Reflections / Retorno y reflexiones,457,1.0
"I went down there and talked to them, you know, the presidentes, priests, businessmen, and returned braceros",went talked know presidentes priests businessmen returned braceros,Return and Reflections / Retorno y reflexiones,-1,0.0
"RH:	The return process, well, we would just take them when the farmer was done",rh return process well would take farmer done,Return and Reflections / Retorno y reflexiones,0,1.0
"Se le podía dar permiso hasta un mes, mes y medio, pero ya tenía que estar de regreso en febrero",podía dar permiso mes mes medio regreso febrero,Return and Reflections / Retorno y reflexiones,46,0.2684233040708658
"If they were caught in transit, say from the border to the farm, they would get picked up and returned back to Mexico",caught transit say border farm would get picked returned back mexico,Return and Reflections / Retorno y reflexiones,-1,0.0
"De regreso nomás a, ahí hasta El Paso, ahí nos echaban para afuera y de ahí para allá ya corría a cuenta de nosotros",regreso nomás ahí paso ahí echaban afuera ahí allá corría cuenta,Return and Reflections / Retorno y reflexiones,-1,0.0
"Pero por cosas del destino, pos tuve que, pos cruzar la frontera, primero ilegal; ya después me legalicé y todo y pos no, no digo que estoy muy bien económicamente aquí, pero me siento feliz en mi país, me siento orgulloso de poseer la ciudadanía en este país pobremente",cosas destino pos pos cruzar frontera primero ilegal después legalicé pos digo bien económicamente aquí siento feliz país siento orgulloso poseer ciudadanía país pobremente,Return and Reflections / Retorno y reflexiones,30,0.8428514386691203
"FC:	Ah, qué bien  RF:	Y nos sentimos orgullosos de él, pobremente nos sentimos orgullosos",fc ah bien rf sentimos orgullosos pobremente sentimos orgullosos,Return and Reflections / Retorno y reflexiones,297,1.0
"RF:	Pos ahí, de recién llegado luego luego, mi dispensa mucho, lo fumigaban a uno con polvo pa ver si traiba algo, infección, lo que sea",rf pos ahí recién llegado luego luego dispensa fumigaban polvo pa ver si traiba infección,Return and Reflections / Retorno y reflexiones,209,0.9193429028458064
"FC:	Cuando lo renovaba, ¿tenía que ir de regreso ahí a Río Vista a renovarlo",fc renovaba ir regreso ahí río vista renovarlo,Return and Reflections / Retorno y reflexiones,4,0.43578134831339077
"Últimamente me acuerdo Víctor Hugo, yo he leído las entrevistas, Víctor Hugo Saavedra le preguntó a un grupo una vez allá, no me acuerdo en qué parte los entrevistó y luego le dijo: “Pos han llegado, pero no, que andan en eso… Son personas que en esa cuestión, que muchos no, pos no tenemos escuela y no sé que",últimamente acuerdo víctor hugo leído entrevistas víctor hugo saavedra preguntó grupo vez allá acuerdo parte entrevistó luego dijo pos llegado andan personas cuestión pos escuela sé,Return and Reflections / Retorno y reflexiones,290,0.29376359283989434
"Cuando íbamos a las… Las chamaquitas saliendo de la escuela y les supieron ahí yo creo por periódico, yo creo o algo, que había llegado una compañía de cierto lugar (ininteligible) por la guerra, así era",íbamos chamaquitas saliendo escuela supieron ahí creo periódico creo llegado compañía cierto lugar ininteligible guerra así,Return and Reflections / Retorno y reflexiones,-1,0.0
"Que habían llegado braceros a trabajar ahí y ahí nos estacionamos nosotros en Union City, en ese lugar ahí",llegado braceros trabajar ahí ahí estacionamos union city lugar ahí,Return and Reflections / Retorno y reflexiones,-1,0.0
"JT:	No, no, todavía no, hasta… él llegó después de regreso pa atrás por ahí de, allá de noviembre yo creo, ey",jt todavía llegó después regreso pa atrás ahí allá noviembre creo ey,Return and Reflections / Retorno y reflexiones,46,0.4829224165620613
Para el invierno me voy pa allá un mes y ya me regreso,invierno voy pa allá mes regreso,Return and Reflections / Retorno y reflexiones,46,0.31115238059057715
FC:	¿O sea que usted ya se fue a Chihuahua sabiendo que tenía trabajo de regreso acá,fc usted chihuahua sabiendo trabajo regreso acá,Return and Reflections / Retorno y reflexiones,15,1.0
"Y luego apenas habíamos llegado nosotros ahí y estábamos ahí, como yo fui uno de los primeros que llegué el 7 de abril, el 9 de abril ahí, a ese campo y tenía el número siete y luego nomás llegué y entregamos los tíquetes y entonces me habló",luego apenas llegado ahí ahí primeros llegué 7 abril 9 abril ahí campo número siete luego nomás llegué entregamos tíquetes entonces habló,Return and Reflections / Retorno y reflexiones,46,0.20089002966328393
", sí este, echa uno su pecho al agua, si Dios me concede y regreso bien y si no, también",echa pecho agua si dios concede regreso bien si,Return and Reflections / Retorno y reflexiones,44,0.7820021081644571
"Sí, y este, y cincuenta y cinco días y ahí veníamos de regreso, sí",cincuenta cinco días ahí veníamos regreso,Return and Reflections / Retorno y reflexiones,134,1.0
"VD:	Y a ver, déjeme me regreso y le voy a preguntar, aquella vez en el [19]55 que se fue, ¿dónde se contrató",vd ver déjeme regreso voy preguntar aquella vez 1955 dónde contrató,Return and Reflections / Retorno y reflexiones,8,0.6470584558780297
"Y sí, ya pos los, ya habían llegado a onde los agarraba el patrón y se iban para Pecos, Texas",pos llegado onde agarraba patrón iban pecos texas,Return and Reflections / Retorno y reflexiones,16,0.30619355017588495
"Mucha gente decía: “No, mejor me regreso pero no voy a Pecos, Texas, sí”",mucha gente decía mejor regreso voy pecos texas,Return and Reflections / Retorno y reflexiones,16,0.6403950984932418
"Anda en todo Estados Unidos y lo bonito que él lleva y a donde lleva la carga, lo están esperando pa cargarlo de regreso a otro lado",anda unidos bonito lleva lleva carga esperando pa cargarlo regreso lado,Return and Reflections / Retorno y reflexiones,-1,0.0
"”, dice, “y por ahí unos cuatro más de tus allegados”, dice, “dime”",dice ahí cuatro allegados dice dime,Return and Reflections / Retorno y reflexiones,97,0.7948965387626392
"Y este, y no les gustó, pero en menos de media de hora ya habíamos llegado, andando",gustó menos media hora llegado andando,Return and Reflections / Retorno y reflexiones,244,1.0
"VD:	O sea que entonces, a ver, deje me regreso un poquito, cuando a usted le dijeron que si se quería ir, ¿por qué fue que usted se animó, señor Tello, a irse a Estados Unidos",vd entonces ver deje regreso poquito usted dijeron si quería ir usted animó señor tello irse unidos,Return and Reflections / Retorno y reflexiones,-1,0.0
"Y nos quedamos los, los que apenas habíamos llegado, pero pues éramos ahí como unos cuatrocientos, los que estábamos en ese campo",quedamos apenas llegado pues ahí cuatrocientos campo,Return and Reflections / Retorno y reflexiones,110,0.45328820612831155
"Y así, y llega uno allá y luego ve que alguien este, no le habla o que es orgulloso y eso y como que siente un poco feo",así llega allá luego alguien habla orgulloso feo,Return and Reflections / Retorno y reflexiones,2,1.0
"Le digo “Aquí le dejo otra vez la bolsa, luego regreso”",digo aquí dejo vez bolsa luego regreso,Return and Reflections / Retorno y reflexiones,-1,0.0
"Y que en ese troque lleno que mandó el patrón, ya había otras personas que ya tenían ocho días que habían llegado",troque lleno mandó patrón personas ocho días llegado,Return and Reflections / Retorno y reflexiones,49,0.7229189628007302
"Esos pensamientos, pues inútiles, porque pos bendito sea Dios no, nunca, cuando jui nunca se me enfermaron",pensamientos pues inútiles pos bendito dios nunca jui nunca enfermaron,Return and Reflections / Retorno y reflexiones,51,1.0
"Ahí había llegado varias veces y le dije, le digo, se llama José: “¿Qué pasó, Chente",ahí llegado varias veces dije digo llama josé pasó chente,Return and Reflections / Retorno y reflexiones,33,0.6344213636620902
"Pero ya el mayordomo era de por aquí, de Durango y me quería mucho y ya cuando supo que había gente que había llegado ahí; porque él iba también por gente, y ya preguntó por mí, ya le dieron razón que sí yo andaba ahí",mayordomo aquí durango quería supo gente llegado ahí iba gente preguntó dieron razón andaba ahí,Return and Reflections / Retorno y reflexiones,-1,0.0
"VD:	Y usted señor Cirino, ya como pues, una última reflexión",vd usted señor cirino pues última reflexión,Return and Reflections / Retorno y reflexiones,-1,0.0
"Entonces ahí gracias a que yo ya hablaba inglés, hablé con ése y lo convencí y ya, ya nos dejaron proseguir el camino de regreso en el tren a nuestro campamento",entonces ahí gracias hablaba inglés hablé ése convencí dejaron proseguir camino regreso tren campamento,Return and Reflections / Retorno y reflexiones,43,0.9054398672988373
VD:	Fue peor el regreso con la misma gente de aquí,vd peor regreso misma gente aquí,Return and Reflections / Retorno y reflexiones,-1,0.0
"Al otro día y como es tierra que se pinta el zapato, la llanta, al otro día y que llega el patrón y que empieza, sí, que me pregunta que quién, que quién había llegado, pos él nomás entraba ahí con su carro, con su camioneta y que le digo este, le enseñé está vista una caja vacía de cigarros",día tierra pinta zapato llanta día llega patrón empieza pregunta quién quién llegado pos nomás entraba ahí carro camioneta digo enseñé vista caja vacía cigarros,Return and Reflections / Retorno y reflexiones,21,0.15969874755996866
"Muchos que fueron llegados a México presentes, también allá los sacaban, sí, salían unos vestidos igual como aquí el 16 [de Septiembre]",llegados méxico presentes allá sacaban salían vestidos igual aquí 16 septiembre,Return and Reflections / Retorno y reflexiones,169,0.23586244640504128
"VD:	Y ya nada más, pues como, como una última, pues como una última reflexión, ahora ya la distancia, señor Guadalupe, ¿qué recuerdos le quedan en general de su tiempo como bracero",vd pues última pues última reflexión ahora distancia señor guadalupe recuerdos quedan general tiempo bracero,Return and Reflections / Retorno y reflexiones,221,0.41376094176170963
"Hijos de la chingada, me dio un coraje, bueno, yo me jui pa ser el primero, si hubiera encontrado otro adelantito, chingue su madre, yo me regreso a cenar",hijos chingada dio coraje bueno jui pa ser primero si encontrado adelantito chingue madre regreso cenar,Return and Reflections / Retorno y reflexiones,3,0.9651420439564764
"Y se va la patrulla y ya cuando llegó la patrulla al campo, ya nosotros ya habíamos llegado y entraron a las barracas y yo estaba: “Grr, grr”",va patrulla llegó patrulla campo llegado entraron barracas grr grr,Return and Reflections / Retorno y reflexiones,125,0.12296256105065778
"Y luego este, cuando veníamos de regreso, venía el carro de ellos con gente, también nosotros, ¿no",luego veníamos regreso venía carro gente,Return and Reflections / Retorno y reflexiones,79,0.7740688784441825
"Ya quería yo venirme, digo si regreso bien, si no, ¿vedá",quería venirme digo si regreso bien si vedá,Return and Reflections / Retorno y reflexiones,-1,0.0
"HS:	Sí, me siento este, pues orgulloso de haber estado allá porque hay mucha gente que dice que los gringos lo tratan a uno mal y en lo que a mí me tocó no",hs siento pues orgulloso haber allá mucha gente dice gringos tratan mal tocó,Return and Reflections / Retorno y reflexiones,18,0.4938830418245516
Me voy al pueblo a traer provisión y cuando regreso ya estaba mi cama tendida y mi ropa colgada y planchada,voy pueblo traer provisión regreso cama tendida ropa colgada planchada,Return and Reflections / Retorno y reflexiones,-1,0.0
"Dice: “Y lo dejo solo y regreso en la tarde por usted y usted sabe que no me bajo de la camioneta a ver qué ha hecho”, dice, “pero después regreso”",dice dejo solo regreso tarde usted usted sabe bajo camioneta ver hecho dice después regreso,Return and Reflections / Retorno y reflexiones,-1,0.0
"HM:	Yo he estado en muchas partes, he andado con personas que son adictas a ciertas cosas, han llegado a ponerme las pastillas o lo que sea en la mano, lo que sea, el único hábito que se me quedó fue el de trabajar, ese sí",hm muchas partes andado personas adictas ciertas cosas llegado ponerme pastillas mano único hábito quedó trabajar,Return and Reflections / Retorno y reflexiones,-1,0.0
"VD:	Oiga, y de regreso cuando ya se vino otra vez para acá, ¿le costó trabajo adaptarse a la vida aquí otra vez",vd oiga regreso vino vez acá costó trabajo adaptarse vida aquí vez,Return and Reflections / Retorno y reflexiones,-1,0.0
", ya ahí en el rancho, ya había llegado una circular, o sea un oficio como dicen, ¿no",ahí rancho llegado circular oficio dicen,Return and Reflections / Retorno y reflexiones,0,1.0
"VD:	Pues, señor Heriberto, ya por último, ya nada más como, este, pues una reflexión a la distancia",vd pues señor heriberto último pues reflexión distancia,Return and Reflections / Retorno y reflexiones,-1,0.0
"Como le acabo de decir, mi padre, yo, es un orgullo tener, el haber tenido un padre así, porque mi padre y mi madre como pues, como le digo fueron muy humildes",acabo decir padre orgullo tener haber padre así padre madre pues digo humildes,Return and Reflections / Retorno y reflexiones,-1,0.0
"GC:	Y ya no, me quedé en 1959, yo salía en, si me hubiera prestado vida en aquel, bueno, vida sí, hubiera llegado al termino, pues a lo mejor no hubiera visto a mi padre, digo",gc quedé 1959 salía si prestado vida aquel bueno vida llegado termino pues mejor visto padre digo,Return and Reflections / Retorno y reflexiones,-1,0.0
"GC:	Tampoco nunca tuve el orgullo de decir: “Fui a Oregon”, o, “fui a Washington”, o, “fui a Nevada”, todo eso de por ahí, no",gc tampoco nunca orgullo decir oregon washington nevada ahí,Return and Reflections / Retorno y reflexiones,13,1.0
"Pues nos cambiaron, ahí estuvimos algunos cambios, como tres o cuatro, no recuerdo por ahí casi",pues cambiaron ahí cambios tres cuatro recuerdo ahí casi,Return and Reflections / Retorno y reflexiones,97,1.0
"Pero sí, alguna vez sí oí yo que nos haigan llegado a visitar",alguna vez oí haigan llegado visitar,Return and Reflections / Retorno y reflexiones,-1,0.0
VD:	Yo creo que ha habido cambios importantes pero pues usted sabe que a veces son prácticas muy difíciles de eliminar de la gente,vd creo cambios importantes pues usted sabe veces prácticas difíciles eliminar gente,Return and Reflections / Retorno y reflexiones,-1,0.0
"VD:	Recuerda usted, ah bueno, y ése después ya de regreso en Chicago, me decía",vd recuerda usted ah bueno ése después regreso chicago decía,Return and Reflections / Retorno y reflexiones,106,1.0
"Y le dije: “Si me reportas con el patrón me regreso, te lo juro por mi madre, me regreso",dije si reportas patrón regreso juro madre regreso,Return and Reflections / Retorno y reflexiones,-1,0.0
Llego al campo y me regreso y al cabo que llevo el domicilio de acá y te mueres hijo,llego campo regreso cabo llevo domicilio acá mueres hijo,Return and Reflections / Retorno y reflexiones,-1,0.0
"Y yo, mi esposa la quiero mucho, la respeto porque me ha dado mis hijos, estoy muy orgulloso",esposa quiero respeto dado hijos orgulloso,Return and Reflections / Retorno y reflexiones,12,1.0
"Por lo tanto estoy muy orgulloso de mi esposa que me dio, pues mis hijos muy estudiosos y ya me voy con ese gusto de este mundo",orgulloso esposa dio pues hijos estudiosos voy gusto mundo,Return and Reflections / Retorno y reflexiones,12,1.0
De todos modos no se van muy lejos porque el compromiso es del Gobierno mexicano te entrega y el Gobierno de acá tiene que entregarte de regreso,modos van lejos compromiso gobierno mexicano entrega gobierno acá entregarte regreso,Return and Reflections / Retorno y reflexiones,191,0.586854007798364
"LS:	Bueno yo, yo andaba en la ciudad de Oaxaca por allá haciendo unas compras y ya este, pues ya había nociones así, ya todo estaba así de, de que la gente estaba pues en sobre aviso, que habían llegado americanos a contratar gente, ¿no",ls bueno andaba ciudad oaxaca allá haciendo unas compras pues nociones así así gente pues aviso llegado americanos contratar gente,Return and Reflections / Retorno y reflexiones,18,0.3399601761169902
"Yo siempre tuve la ilusión de decir, yo regreso a trabajar, no sé ni cómo le haga, pero yo, yo de, de hacer pie allá jamás, yo habiendo trabajo yo regreso pa acá",siempre ilusión decir regreso trabajar sé cómo haga hacer pie allá jamás trabajo regreso pa acá,Return and Reflections / Retorno y reflexiones,-1,0.0
"Imagínese que ta uno trabajando, voy y tomo agua y me regreso y ya no había problema de, de tomar tiempo",imagínese ta trabajando voy tomo agua regreso problema tomar tiempo,Return and Reflections / Retorno y reflexiones,-1,0.0
"Y él se peleaba con uno, lo echábamos a un lado porque no, no coincidía con nuestro, nuestros pensamientos, pues",peleaba echábamos lado coincidía pensamientos pues,Return and Reflections / Retorno y reflexiones,-1,0.0
"VD:	A su regreso, ¿qué cosas compró por allá, señor Manuel",vd regreso cosas compró allá señor manuel,Return and Reflections / Retorno y reflexiones,27,1.0
"Es que en los cambios que ha habido de movimiento de casas, pues esto ya no sirve, esto ya no sirve, a la basura",cambios movimiento casas pues sirve sirve basura,Return and Reflections / Retorno y reflexiones,301,0.6984723830162058
"VD:	Y a la distancia, señor Manuel, después de varios años que usted se recuerde que, pues esa experiencia, ¿qué impacto tuvo en su vida haber estado por allá en Estados Unidos",vd distancia señor manuel después varios años usted recuerde pues experiencia impacto vida haber allá unidos,Return and Reflections / Retorno y reflexiones,221,0.4518985234753963
"VD:	Y, ¿le costó trabajo adaptarse a su regreso, señor Manuel, a la vida de aquí",vd costó trabajo adaptarse regreso señor manuel vida aquí,Return and Reflections / Retorno y reflexiones,-1,0.0
"Luego voy así a visitarlos, estoy una temporada y me regreso",luego voy así visitarlos temporada regreso,Return and Reflections / Retorno y reflexiones,115,0.6187744232280032
"Mi cuñado hasta tenía praditos ahí, le gustaba mucho plantar plantas como pensamientos y todas esas hierbitas, muy curioso",cuñado praditos ahí gustaba plantar plantas pensamientos todas hierbitas curioso,Return and Reflections / Retorno y reflexiones,7,1.0
"Se llegó la hora de la contratación y fuimos y no estaba, porque muchas veces íbamos y no había nada de contratación y ya de regreso ahí a la casa esa donde llegábamos que nos daban permiso",llegó hora contratación muchas veces íbamos contratación regreso ahí casa llegábamos daban permiso,Return and Reflections / Retorno y reflexiones,-1,0.0
"Normalmente hacíamos una línea de ida pa comer en la punta de aquel surco, era muy largo, tenía más de milla de largo y de regreso la otra milla ya para irnos al campo en la tarde",normalmente hacíamos línea ida pa comer punta aquel surco largo milla largo regreso milla irnos campo tarde,Return and Reflections / Retorno y reflexiones,-1,0.0
"AM:	Pues me siento bien, me siento orgulloso porque tuve el gusto, disfruté mis aventuras, mi vida de un modo y de otro",pues siento bien siento orgulloso gusto disfruté aventuras vida modo,Return and Reflections / Retorno y reflexiones,297,0.5981779405472907
"Yo no me siento orgulloso de aquí de mi pueblo, pero sí me siento bien, porque alguna gente sí, sí, sí me respeta, sí me valora",siento orgulloso aquí pueblo siento bien alguna gente respeta valora,Return and Reflections / Retorno y reflexiones,297,0.6528099026866604
"Ahora me pongo yo a pensar, si hubiera, se hubiera dado cuenta de los teléfonos, había sido más…  AA:	Impactante",ahora pongo pensar si dado cuenta teléfonos sido aa impactante,Return and Reflections / Retorno y reflexiones,235,0.8049358991400659
"AA:	¿Qué cambios cree usted que haya habido después de que él estaba aquí, cuando él mandaba dinero",aa cambios cree usted después aquí mandaba dinero,Return and Reflections / Retorno y reflexiones,1,0.9295011992813831
"Entonces me vino a la mente que yéndome para allá que se ganaba un mejor sueldo, yo podía, al regreso yo podía comprarme dónde vivir y con qué poder trabajar propiamente",entonces vino mente yéndome allá ganaba mejor sueldo podía regreso podía comprarme dónde vivir poder trabajar propiamente,Return and Reflections / Retorno y reflexiones,-1,0.0
"Entonces por ahí un coyote me dijo, dice: “Mira”, dice este, “por $150”, dice, “yo te, yo te arreglo y si no te arreglo, te regreso tu dinero”",entonces ahí coyote dijo dice mira dice 150 dice arreglo si arreglo regreso dinero,Return and Reflections / Retorno y reflexiones,135,0.751010744014351
", ¿cómo fue su vida después de ser bracero en México",cómo vida después ser bracero méxico,Return and Reflections / Retorno y reflexiones,45,0.8082299348090821
"A mí me da orgullo porque fue de esa manera como yo vine a este país, y yo te hablo con toda la verdad, yo fui honesto en mi trabajo, en mi casa, con mis hijos",da orgullo manera vine país hablo toda verdad honesto trabajo casa hijos,Return and Reflections / Retorno y reflexiones,395,1.0
"Ahora nos sentimos orgullosos de haber, de poder haber venido a ayudar a esta nación, porque sí jue una ayuda para esta nación, levantarles los trabajos que no podían levantar aquí la gente de aquí, porque se fueron a la guerra",ahora sentimos orgullosos haber poder haber venido ayudar nación jue ayuda nación levantarles trabajos podían levantar aquí gente aquí guerra,Return and Reflections / Retorno y reflexiones,-1,0.0
"Es que hay, desde el punto de vista nomás que trate uno, que se exprese uno mal de alguna persona, con eso ya hiere uno a otros, lastima uno pues su orgullo, su pride de otra persona",punto vista nomás trate exprese mal alguna persona hiere lastima pues orgullo pride persona,Return and Reflections / Retorno y reflexiones,-1,0.0
"IN:	Fairness es igual a regular, fíjese, pero el respeto sí, no lastimar el pride, o sea el orgullo de la persona",fairness igual regular fíjese respeto lastimar pride orgullo persona,Return and Reflections / Retorno y reflexiones,-1,0.0
"Pos llegué al pueblito ahí, ya llegué sacando las actas de nacimiento, actas de policía y todas esas cosas y me fui a la embajada y a ver qué cambios hubo",pos llegué pueblito ahí llegué sacando actas nacimiento actas policía todas cosas embajada ver cambios,Return and Reflections / Retorno y reflexiones,125,0.07807352300236753
"Fue cuando la Segunda Guerra Mundial, necesitaban gente, pues me tocó dar servicio aquí con mis brazos y me siento orgulloso de haber sido bracero y me siento orgulloso de estar aquí también, de haberme emigrado y ahora soy ciudadano, ¿qué más pido",segunda guerra mundial necesitaban gente pues tocó dar servicio aquí brazos siento orgulloso haber sido bracero siento orgulloso aquí haberme emigrado ahora ciudadano pido,Return and Reflections / Retorno y reflexiones,-1,0.0
"Es muy distinto, bueno, ser un bracero, pues estoy orgulloso de haber sido bracero y, pero de que, cuando me emigré, pues tiene que cambiar todo mucho",distinto bueno ser bracero pues orgulloso haber sido bracero emigré pues cambiar,Return and Reflections / Retorno y reflexiones,297,1.0
"AA:	A su papá cuando le preguntan si fue bracero, ¿lo admite con orgullo",aa papá preguntan si bracero admite orgullo,Return and Reflections / Retorno y reflexiones,10,0.9706219588023447
"MD:	Pues se le vienen muchos recuerdos y cómo le diré, no sé, como que se siente orgulloso de haber trabajado en esas tierras",md pues vienen recuerdos cómo diré sé orgulloso haber trabajado tierras,Return and Reflections / Retorno y reflexiones,-1,0.0
"well, with the same attention with which she had given me her consent and her blessing to come on one occasion, I returned",well attention given consent blessing come one occasion returned,Return and Reflections / Retorno y reflexiones,-1,0.0
I returned for two weeks and I came to work again with the same boss doing the same work,returned two weeks came work boss work,Return and Reflections / Retorno y reflexiones,249,1.0
"So I asked the boss to take me to buy clothes, and he told me, “I am going to take you and I am going to tell you how to return on the bus, but I cannot wait for you",asked boss take buy clothes told going take going tell return bus cannot wait,Return and Reflections / Retorno y reflexiones,22,0.9021919055548612
He asked me for the money and he returned around eleven at night with other morenos and they started to bang hard on my door with some iron rails,asked money returned around eleven night morenos started bang hard door iron rails,Return and Reflections / Retorno y reflexiones,1,0.8124981430470722
"I said that I would not return to Texas because if they had gotten me I wouldn’t be here today, here, in this interview",said would return texas gotten wouldnt today interview,Return and Reflections / Retorno y reflexiones,16,0.624743283931739
They said that if we got our residency they would lose us and we wouldn’t return to see them and they didn’t want us to get our residency,said got residency would lose us wouldnt return see didnt want us get residency,Return and Reflections / Retorno y reflexiones,-1,0.0
ML:	Did your boss arrange transportation to return to México,ml boss arrange transportation return méxico,Return and Reflections / Retorno y reflexiones,111,0.31185928992681855
"So when I returned, I put myself in charge of caring for my mom’s mom and one of my sisters",returned put charge caring moms mom one sisters,Return and Reflections / Retorno y reflexiones,366,1.0
I accumulated a small amount of capital so I thought that I didn’t need to return to the United States anymore,accumulated small amount capital thought didnt need return united states anymore,Return and Reflections / Retorno y reflexiones,1,1.0
JL:	My uncle came illegally to Chicago in [19]56 and after he returned illegally he got married,jl uncle came illegally chicago 1956 returned illegally got married,Return and Reflections / Retorno y reflexiones,106,0.014121481002522786
"Póngame a prueba y si le funciono bien, y si no, pues me regreso aquí”",póngame prueba si funciono bien si pues regreso aquí,Return and Reflections / Retorno y reflexiones,88,0.5434388882910285
LM:	¿Se siente usted orgulloso de haber sido bracero,lm usted orgulloso haber sido bracero,Return and Reflections / Retorno y reflexiones,297,0.9511824038349099
"AF:	No, no, orgulloso no, porque, bueno, hay una cosa, no sé cómo explicarme, para mí fue un beneficio que yo necesitaba en ese tiempo",af orgulloso bueno cosa sé cómo explicarme beneficio necesitaba tiempo,Return and Reflections / Retorno y reflexiones,40,0.5277587536769682
"Necesitaba el trabajo donde fuera, pero así que yo diga: “Me siento orgulloso de haber venido de bracero, y quiero volverme ir a ver, no, la verdad no, la verdad no porque se sufre muchísimo",necesitaba trabajo así diga siento orgulloso haber venido bracero quiero volverme ir ver verdad verdad sufre muchísimo,Return and Reflections / Retorno y reflexiones,295,0.8864009790136775
LM:	¿Alguna vez le tocó que no haya llegado el dinero,lm alguna vez tocó llegado dinero,Return and Reflections / Retorno y reflexiones,1,1.0
Ahí nos daban la mica cuando ya veníamos de regreso que íbamos pa México ya nos hablaban: “Julano de tal”,ahí daban mica veníamos regreso íbamos pa méxico hablaban julano tal,Return and Reflections / Retorno y reflexiones,-1,0.0
"AG:	Los pensamientos de, que se acuerda uno, cómo le jue, cómo lo trataron",ag pensamientos acuerda cómo jue cómo trataron,Return and Reflections / Retorno y reflexiones,-1,0.0
LM:	¿Se siente usted orgulloso de haber sido bracero,lm usted orgulloso haber sido bracero,Return and Reflections / Retorno y reflexiones,297,0.9279915176959819
"AM:	“Quizás por eso se va”, le dije, “y yo cuando me regreso a mi casa”, le dije, “yo no me llevo ni un popote que no sea mío",quizás va dije regreso casa dije llevo popote,Return and Reflections / Retorno y reflexiones,76,0.9828751469628569
"AM:	No pos yo siento orgullo porque yo, todo ese tiempo que anduve allá en Estados Unidos, yo trabajé con todo mi corazón y con todas las ganas",pos siento orgullo tiempo anduve allá unidos trabajé corazón todas ganas,Return and Reflections / Retorno y reflexiones,297,0.920766386828799
"AF:	Cobijas, pos unos dos cambios de ropa y una cobija, era lo que uno llevaba y total, y ya los tenía uno ahí listos, y llegaba el tren con treinta, treinta y cinco furgones de los que cargan, cargan, no era tren de pasajeros",af cobijas pos dos cambios ropa cobija llevaba total ahí listos llegaba tren treinta treinta cinco furgones cargan cargan tren pasajeros,Return and Reflections / Retorno y reflexiones,-1,0.0
Cuénteme de lo qué es la vida después de haber trabajado como bracero,cuénteme vida después haber trabajado bracero,Return and Reflections / Retorno y reflexiones,45,1.0
"AV:	Digo, por ejemplo de los que contrataban de los… Metían otra persona allegados al contratista y les echaban a otro",av digo ejemplo contrataban metían persona allegados contratista echaban,Return and Reflections / Retorno y reflexiones,414,0.9960663607264761
"Cómo no voy a estar orgulloso porque… De lo poquito que tengo, todavía es de eso, ¿verdad",cómo voy orgulloso poquito todavía verdad,Return and Reflections / Retorno y reflexiones,9,0.5699566756685857
"Se iban por ahí, pos sabe Dios, pos oiga, cada quien ya, pero era alguien con nosotros ya que mi gente y, o mi hermano, mi (ininteligible), y así le digo y esa es una historia, y al último, pos oiga, digo yo,  pos a  conocer, a conocer  pa antes…Y pos me siento orgulloso porque a mí nadie me trató mal",iban ahí pos sabe dios pos oiga cada alguien gente hermano ininteligible así digo historia último pos oiga digo pos conocer conocer pa antesy pos siento orgulloso nadie trató mal,Return and Reflections / Retorno y reflexiones,7,1.0
"Entonces pa que le tocara a usted la lista que iba, necesitaba de perdida unos cinco o seis días pa poder echar los que estaba adelante del que apenas había llegado",entonces pa tocara usted lista iba necesitaba perdida cinco seis días pa poder echar adelante apenas llegado,Return and Reflections / Retorno y reflexiones,66,0.13424376913554892
LM:	¿Alguna vez supo que no haya llegado el dinero o algo,lm alguna vez supo llegado dinero,Return and Reflections / Retorno y reflexiones,1,1.0
"A las cuatro de la mañana, pero ya para las doce del día ya estábanos otra vez de regreso",cuatro mañana doce día estábanos vez regreso,Return and Reflections / Retorno y reflexiones,-1,0.0
"Nomás que ahí entre los compañeros: “No, no te preocupes, al rato ya estamos de regreso en México”",nomás ahí compañeros preocupes rato regreso méxico,Return and Reflections / Retorno y reflexiones,-1,0.0
LM:	¿Se siente usted orgulloso de haber sido bracero,lm usted orgulloso haber sido bracero,Return and Reflections / Retorno y reflexiones,297,0.9760491216932168
"JA:	Pero cuando juimos si nos llevaron en avión, sí te digo, pero ya pa regreso yo creo ya salía más caro y ya no",ja juimos si llevaron avión digo pa regreso creo salía caro,Return and Reflections / Retorno y reflexiones,1,0.8505863713423695
"JJ:	Yo me sentí orgulloso de haber ido a trabajar un tiempo allá, (tocando puerta) ey",jj sentí orgulloso haber ido trabajar tiempo allá tocando puerta ey,Return and Reflections / Retorno y reflexiones,-1,0.0
"Pos, por luego dije: “No, pues yo vengo a trabajar un tiempo nada más y me regreso”",pos luego dije pues vengo trabajar tiempo regreso,Return and Reflections / Retorno y reflexiones,-1,0.0
LM:	¿Se siente usted orgulloso de haber sido bracero,lm usted orgulloso haber sido bracero,Return and Reflections / Retorno y reflexiones,297,0.966259523060606
"JG:	Pues sí, sí me siento orgulloso porque desde el momento en que fui a visitar a los güeros, ¿veá",jg pues siento orgulloso momento visitar güeros veá,Return and Reflections / Retorno y reflexiones,297,1.0
"Pero es que yo pensaba, yo mis pensamientos eran otros, mis pensamientos era, trabajar allá, mandar dinero aquí a mi esposa",pensaba pensamientos pensamientos trabajar allá mandar dinero aquí esposa,Return and Reflections / Retorno y reflexiones,12,1.0
"No, pos y al mismo tiempo digo no por ya tengo muchos años, bueno a veces platico yo con mis hijos: “Está consciente papá de que… “Sí”, dije, “ya viví toda mi vida y…  LM:	Ha visto muchos cambios tecnológicos",pos mismo tiempo digo años bueno veces platico hijos consciente papá dije viví toda vida lm visto cambios tecnológicos,Return and Reflections / Retorno y reflexiones,10,1.0
"LM:	¿Cómo fue su vida después de haber trabajado de bracero, don Isidro",lm cómo vida después haber trabajado bracero isidro,Return and Reflections / Retorno y reflexiones,45,1.0
"IA:	Mire, mi vida después de que ya trabajé de bracero fue como le digo, fue cuando ya nos venimos aquí a Durango",ia mire vida después trabajé bracero digo venimos aquí durango,Return and Reflections / Retorno y reflexiones,-1,0.0
LM:	¿Se siente usted orgulloso de haber sido bracero,lm usted orgulloso haber sido bracero,Return and Reflections / Retorno y reflexiones,297,0.9551179895505338
"LM:	Nomás mientras consiguió el…  JB:	Sí, íbamos tantos días, como tres semanas, teníamos que trabajar allá y nos dijo el patrón: “Miren, quiero que me ayuden otros dos, tres días”, dice, “porque la gente que viene a ayudarme no ha llegado”, dice, ”porque va a venir otra gente”",lm nomás mientras consiguió jb íbamos tantos días tres semanas trabajar allá dijo patrón miren quiero ayuden dos tres días dice gente viene ayudarme llegado dice va venir gente,Return and Reflections / Retorno y reflexiones,121,0.5660699029005859
"LM:	Después de haber trabajado como bracero, ya cuando regresó, cuénteme cómo fue la vida después de haber estado allá que regresó y que ya no fue",lm después haber trabajado bracero regresó cuénteme cómo vida después haber allá regresó,Return and Reflections / Retorno y reflexiones,45,1.0
"Y no, muy bien, fíjese que, me pongo yo a pensar que yo he tenido muy buena entendimiento en los pensamientos de, de, ¿cómo le quiero decir",bien fíjese pongo pensar buena entendimiento pensamientos cómo quiero decir,Return and Reflections / Retorno y reflexiones,-1,0.0
"JA:	Entonces, esa mica, pos esa la mandé de Vicente Guerrero pa Estados Unidos y fue por eso, llegué en la lista ahí, si no, había llegado mangas",ja entonces mica pos mandé vicente guerrero pa unidos llegué lista ahí si llegado mangas,Return and Reflections / Retorno y reflexiones,384,1.0
"LM:	Don José, cuénteme, ¿cómo fue su vida después de haber sido bracero ya cuando se regresa a México",lm josé cuénteme cómo vida después haber sido bracero regresa méxico,Return and Reflections / Retorno y reflexiones,45,1.0
LM:	¿Está usted orgulloso de haber sido bracero,lm usted orgulloso haber sido bracero,Return and Reflections / Retorno y reflexiones,297,0.941949642606264
LM:	¿Se siente usted orgulloso de haber sido bracero,lm usted orgulloso haber sido bracero,Return and Reflections / Retorno y reflexiones,297,0.925714858385221
Deseándonos un feliz regreso acá para nuestra tierra y agradecidos que habíamos ido a cooperar para la terminación de la guerra,deseándonos feliz regreso acá tierra agradecidos ido cooperar terminación guerra,Return and Reflections / Retorno y reflexiones,-1,0.0
"RA:	Me regreso de Durango, llego a la casa de mi tío y luego él ya pos ni me conocía ni yo a él",ra regreso durango llego casa tío luego pos conocía,Return and Reflections / Retorno y reflexiones,76,0.8722245507229086
"RA:	Pos siempre llevábanos nomás dos cambios, no podía uno acarrear con tantas cosas",ra pos siempre llevábanos nomás dos cambios podía acarrear tantas cosas,Return and Reflections / Retorno y reflexiones,-1,0.0
"Nomás lleva uno dos cambios, pa quitarse el que trae y ponerse el otro y lavarlo y así lo llevaba uno",nomás lleva dos cambios pa quitarse trae ponerse lavarlo así llevaba,Return and Reflections / Retorno y reflexiones,-1,0.0
"LM:	Don Rosendo, ¿cómo fue su vida después de haber trabajado como bracero",lm rosendo cómo vida después haber trabajado bracero,Return and Reflections / Retorno y reflexiones,45,1.0
"RA:	Sí, sí me siento orgulloso porque… (entrevista interrumpida)  LM:	Continuamos con la entrevista con el señor Rosendo Alarcón Carrera",ra siento orgulloso entrevista interrumpida lm continuamos entrevista señor rosendo alarcón carrera,Return and Reflections / Retorno y reflexiones,290,0.4989076787753765
"RC:	Hábleme de su vida después de haber trabajado como bracero, o sea, ¿cómo se sentía de ya no ser bracero, de estar trabajando en una cosa diferente",rc hábleme vida después haber trabajado bracero cómo sentía ser bracero trabajando cosa diferente,Return and Reflections / Retorno y reflexiones,-1,0.0
RC:	Entonces usted sí se siente orgulloso de haber sido bracero,rc entonces usted orgulloso haber sido bracero,Return and Reflections / Retorno y reflexiones,297,0.9627033536474544
Dice: “Vamos a Ohio conmigo y luego de regreso”,dice vamos ohio conmigo luego regreso,Return and Reflections / Retorno y reflexiones,-1,0.0
"DA:	No, siempre tenía que traer ahí un cambio o dos cambios",da siempre traer ahí cambio dos cambios,Return and Reflections / Retorno y reflexiones,301,0.6755393550078382
"Y me, como vio a su mamá y a su hermana en Tijuana, porque ellas vivían aquí en Santa Ana y salieron a verlo cuando él iba de regreso y le dijeron que querían que se viniera porque querían que la niña que yo estaba esperando viniera a nacer aquí para pues… La idea era de que arreglar papeles en un futuro y pues yo no estaba muy de acuerdo, pero tenía…  AM:	¿Por qué no",vio mamá hermana tijuana vivían aquí santa ana salieron verlo iba regreso dijeron querían viniera querían niña esperando viniera nacer aquí pues idea arreglar papeles futuro pues acuerdo,Return and Reflections / Retorno y reflexiones,-1,0.0
AR:	Donde no había derecho a pedir cambios o que uno se conformaba a lo que pagaban,ar derecho pedir cambios conformaba pagaban,Return and Reflections / Retorno y reflexiones,-1,0.0
"CB:	Estamos hablando de sus pensamientos y ahora, ¿qué fue la razón que lo hizo decidir contratarse como bracero y venirse para los Estados Unidos",cb hablando pensamientos ahora razón hizo decidir contratarse bracero venirse unidos,Return and Reflections / Retorno y reflexiones,348,0.30108407921708286
"Bueno, tendrían razón, no sé cómo hacen sus pensamientos ellos, pero a uno pos no le gustaba y lo tenía que hacer lo que ellos decían",bueno razón sé cómo hacen pensamientos pos gustaba hacer decían,Return and Reflections / Retorno y reflexiones,-1,0.0
"A ver, la vida después del trabajo, vamos a ver",ver vida después trabajo vamos ver,Return and Reflections / Retorno y reflexiones,45,1.0
"CB:	Y, ¿tiene una reflexión final sobre ser bracero, la experiencia de ser bracero",cb reflexión final ser bracero experiencia ser bracero,Return and Reflections / Retorno y reflexiones,-1,0.0
"Arregló su residencia permanente aquí en Estados Unidos pero por cuestiones de cambios en las leyes de este país, de Estados Unidos fue deportado sin haber hecho nada",arregló residencia permanente aquí unidos cuestiones cambios leyes país unidos deportado haber hecho,Return and Reflections / Retorno y reflexiones,30,0.5914788265659428
"Ahora vamos a hablar sobre la vida después de trabajar como bracero, ¿okay",ahora vamos hablar vida después trabajar bracero okay,Return and Reflections / Retorno y reflexiones,-1,0.0
AE:	¿Usted sabe si eso tuvo un impacto sobre la decisión de su papá de venirse,ae usted sabe si impacto decisión papá venirse,Return and Reflections / Retorno y reflexiones,10,1.0
"MS:	El impacto fue por lo que me platicaba, porque él me enseñaba inglés y cuando yo ya fui a la escuela, en la secundaria, a mí se me hizo muy fácil todo eso y siempre me gustó el idioma, fue lo que a mí más",ms impacto platicaba enseñaba inglés escuela secundaria hizo fácil siempre gustó idioma,Return and Reflections / Retorno y reflexiones,43,1.0
"Quince días de ida la carta y quince días de regreso, al mes tenía uno la contestación, sí",quince días ida carta quince días regreso mes contestación,Return and Reflections / Retorno y reflexiones,66,0.5017676870869576
"Y este, después mi señora donde me hizo recordar, fue esa vez: “La primera vez que fuiste y de regreso me platicaste que en las fronteras hay mucho de qué vivir",después señora hizo recordar vez primera vez regreso platicaste fronteras vivir,Return and Reflections / Retorno y reflexiones,117,0.21648038890315535
"Ni íbamos al agua y ahí él había llegado de Estados Unidos, ya ve que piensa uno que llevan las manos, las bolsas llenas de dinero y todas se vuelan cuando un muchacho de aquí de Estados Unidos de… y uno tonto, pos me casé tan chica, de dieciséis años",íbamos agua ahí llegado unidos piensa llevan manos bolsas llenas dinero todas vuelan muchacho aquí unidos tonto pos casé tan chica dieciséis años,Return and Reflections / Retorno y reflexiones,44,0.576561617520116
"AC:	Bueno, hábleme un poquito nada más de su vida después de bracero y, ¿qué significa para usted ser bracero",ac bueno hábleme poquito vida después bracero significa usted ser bracero,Return and Reflections / Retorno y reflexiones,45,1.0
"JA:	Pos yo para mí fue bien, porque pos uno viene a trabajar y se beneficia de eso, es todo lo que…  AC:	Y, ¿cambió mucho su vida después de eso",ja pos bien pos viene trabajar beneficia ac cambió vida después,Return and Reflections / Retorno y reflexiones,250,0.47182155637683354
AC:	¿Cambió su vida después de ser bracero,ac cambió vida después ser bracero,Return and Reflections / Retorno y reflexiones,250,1.0
"Yo por ejemplo cuando ya paré de trabajar, oiga, yo ya corría con la escalera cincuenta y seis, destendida y brincaba bordos y me hacía cambios yo solo sin esperar que fueran a cambiarme",ejemplo paré trabajar oiga corría escalera cincuenta seis destendida brincaba bordos hacía cambios solo esperar cambiarme,Return and Reflections / Retorno y reflexiones,-1,0.0
"JA:	No me siento mal, me siento bien, me siento orgulloso",ja siento mal siento bien siento orgulloso,Return and Reflections / Retorno y reflexiones,297,1.0
"VM:	Ya vamos a terminar, pero sí me gustaría saber sobre su vida después de trabajar como bracero",vm vamos terminar gustaría saber vida después trabajar bracero,Return and Reflections / Retorno y reflexiones,45,1.0
"AB:	Los cambios de vía, cuando se iba a entufar un tren pa darle pase a otro más urgente, entonces ellos los trenistas, este, que estuviera el riel sin atraque",ab cambios vía iba entufar tren pa darle pase urgente entonces trenistas riel atraque,Return and Reflections / Retorno y reflexiones,14,0.6085810988735277
"Si se marcaba mucho y lo dejábanos, pos a veces el rielista no, y se detenía el tren y así estábanos nosotros al pendiente pa que tuvieran uso los cambios de vía y nos pasamos la noche",si marcaba dejábanos pos veces rielista detenía tren así estábanos pendiente pa uso cambios vía pasamos noche,Return and Reflections / Retorno y reflexiones,14,0.11307961843428824
"En un, switches hay uno, switches, cambios de vía y otros allá y así y turneamos, otra noche les toca a los fulanos",switches switches cambios vía allá así turneamos noche toca fulanos,Return and Reflections / Retorno y reflexiones,75,1.0
"MB:	No, pues no, de regreso a México nos llevaron en buses también",mb pues regreso méxico llevaron buses,Return and Reflections / Retorno y reflexiones,-1,0.0
"MS:	Pues, el último parte es una reflexión final de usted, ¿cómo se siente de ser bracero, qué significa para usted esa palabra y ese trabajo",ms pues último parte reflexión final usted cómo ser bracero significa usted palabra trabajo,Return and Reflections / Retorno y reflexiones,202,0.25043237725059764
"Y ya regresó cuando ya mi niña ya estaba grandecita, ya tenía dos años cuando él regreso",regresó niña grandecita dos años regreso,Return and Reflections / Retorno y reflexiones,98,0.4646442635689861
"Y ya regresó cuando ya mi niña ya estaba grandecita, ya tenía dos años cuando él regreso",regresó niña grandecita dos años regreso,Return and Reflections / Retorno y reflexiones,98,0.5684759188888511
"AG:	Y ése es un orgullo de mi esposa, que me supo detener la frieguecita",ag ése orgullo esposa supo detener frieguecita,Return and Reflections / Retorno y reflexiones,12,1.0
"Pero ni modo, le dije: “Mira, ése es un orgullo de, de cada uno, sabérsela llevar”",modo dije mira ése orgullo cada sabérsela llevar,Return and Reflections / Retorno y reflexiones,297,1.0
"AG:	Bueno, mira, como volviendo a lo mismo, yo me siento con un orgullo, por la parte de que todavía vivo en este mundo, aunque sea manqueando(",ag bueno mira volviendo mismo siento orgullo parte todavía vivo mundo aunque manqueando,Return and Reflections / Retorno y reflexiones,297,1.0
Hábleme de su vida después de haber trabajado como bracero,hábleme vida después haber trabajado bracero,Return and Reflections / Retorno y reflexiones,45,0.9292706072162206
"Ya nomás que me dijeran: “Pos ya está curada”, y yo me regreso de vuelta",nomás dijeran pos curada regreso vuelta,Return and Reflections / Retorno y reflexiones,115,0.5577015253331137
"JB:	Bueno, mi vida, mi vida nunca tuvo cambios",jb bueno vida vida nunca cambios,Return and Reflections / Retorno y reflexiones,250,1.0
"MG:	Sí, me agarraron, me agarró La Migra a mí y él se fue a buscarme, a ver si ya había salido y ya de regreso lo agarraron también",mg agarraron agarró migra buscarme ver si salido regreso agarraron,Return and Reflections / Retorno y reflexiones,-1,0.0
"Y duramos, duramos dos meses de novios nada más y ya después cuando nos íbamos a ir nosotros de regreso a Guanajuato, pues ya no me dejó ir",duramos duramos dos meses novios después íbamos ir regreso guanajuato pues dejó ir,Return and Reflections / Retorno y reflexiones,123,0.3292019985453891
"MM:	Pues él dice que siente, él siente un orgullo, que Dios le dio licencia de venir a trabajar para acá",mm pues dice orgullo dios dio licencia venir trabajar acá,Return and Reflections / Retorno y reflexiones,-1,0.0
Y entonces dice él que él siente orgullo de cuando él pudo haber venido a trabajarles a Estados Unidos,entonces dice orgullo pudo haber venido trabajarles unidos,Return and Reflections / Retorno y reflexiones,-1,0.0
"VM:	Como, ¿impactó su vida el que su papá se haya venido de bracero",vm impactó vida papá venido bracero,Return and Reflections / Retorno y reflexiones,10,1.0
Ya ahí le dije: “Ahorita vengo al rato regreso”,ahí dije ahorita vengo rato regreso,Return and Reflections / Retorno y reflexiones,-1,0.0
Háblame de su vida después de haber sido trabajador de bracero,háblame vida después haber sido trabajador bracero,Return and Reflections / Retorno y reflexiones,45,1.0
"Y se va y iba tentando las lechugas que veía que a la mejor las iba dejando, por eso iba, iba yo recio, pero yo iba haciendo lo último pa,  con el regreso juntarme con él",va iba tentando lechugas veía mejor iba dejando iba iba recio iba haciendo último pa regreso juntarme,Return and Reflections / Retorno y reflexiones,128,0.5234330294998254
"Se empezó a poner difícil para eso y ya, o sea, empezó a haber cambios, que ya no iba a haber otra vez nada de eso",empezó poner difícil empezó haber cambios iba haber vez,Return and Reflections / Retorno y reflexiones,301,0.7178306508483234
"MS:	Pos a ver, platíqueme un poco de su vida después de bracero",ms pos ver platíqueme vida después bracero,Return and Reflections / Retorno y reflexiones,45,1.0
Pero llegaba a ver si ya había llegado dinero para que le pagaran este…  AC:	Lo que se le debía,llegaba ver si llegado dinero pagaran ac debía,Return and Reflections / Retorno y reflexiones,1,1.0
"TO:	No, no hubo cambios sino que el único cambio que hubo fue económico porque la gente vivía mejor que la que no salía",cambios sino único cambio económico gente vivía mejor salía,Return and Reflections / Retorno y reflexiones,-1,0.0
Hábleme de su vida después de haber trabajado como bracero,hábleme vida después haber trabajado bracero,Return and Reflections / Retorno y reflexiones,45,1.0
"Me dijo: “Me siento mal, me siento mal”, dice, “yo creo que mejor me regreso, nos regresamos para atrás”",dijo siento mal siento mal dice creo mejor regreso regresamos atrás,Return and Reflections / Retorno y reflexiones,-1,0.0
"Y cuando una vez que yo iba a llevar el canasto de las tortillas para las personas que les estábamos haciendo sus tortillitas entonces me dijo el señor: “Mira, mira, mira”, dice, “ha llegado un troque con maíz”",vez iba llevar canasto tortillas personas haciendo tortillitas entonces dijo señor mira mira mira dice llegado troque maíz,Return and Reflections / Retorno y reflexiones,50,0.44980821969795215
Entonces no sé de qué partes del país haigan llegado,entonces sé partes país haigan llegado,Return and Reflections / Retorno y reflexiones,-1,0.0
Ganaban poquito y manda el dinerito y mi mamá estaba nomás que: “No ha llegado el dinerito y hay que esperar”,ganaban poquito manda dinerito mamá nomás llegado dinerito esperar,Return and Reflections / Retorno y reflexiones,31,0.8348723672274122
"Pero el niño murió y dijo: “No, pos me regreso pa atrás pos aquel ya vine y ya también”",niño murió dijo pos regreso pa atrás pos aquel vine,Return and Reflections / Retorno y reflexiones,-1,0.0
Porque en ese tiempo casi no venía mucha gente pos les daba mucho gusto que estábamos ya ahí de regreso,tiempo casi venía mucha gente pos daba gusto ahí regreso,Return and Reflections / Retorno y reflexiones,2,1.0
JA:	Pos a mí bracero significa pos una palabra bien de que pos es un orgullo para uno que vino en ese tiempo y junté mi dinero para casarme,ja pos bracero significa pos palabra bien pos orgullo vino tiempo junté dinero casarme,Return and Reflections / Retorno y reflexiones,12,1.0
Voy para México y me regreso y mi hermano allí vive y como quiera años atrás salía yo para otros lugares a trabajar y me quitaban el trabajo o ya no me convenía y volvía allí mismo,voy méxico regreso hermano allí vive quiera años atrás salía lugares trabajar quitaban trabajo convenía volvía allí mismo,Return and Reflections / Retorno y reflexiones,-1,0.0
"Bueno, cuando mataron al presidente, nosotros ya íbanos de regreso pa México, tábamos en Caléxico y cuando tábanos pasando ya para Mexicali, entonces se oyeron las noticias de que lo acababan de matar aquí en Dallas",bueno mataron presidente íbanos regreso pa méxico tábamos caléxico tábanos pasando mexicali entonces oyeron noticias acababan matar aquí dallas,Return and Reflections / Retorno y reflexiones,-1,0.0
"Y en ese año, me acuerdo, yo tengo presente, porque pues ya íbanos de regreso, ¿vedá",año acuerdo presente pues íbanos regreso vedá,Return and Reflections / Retorno y reflexiones,41,0.7918294560121476
"Para cuando ya íbanos pa atrás nosotros ya de regreso y por eso le digo yo que esa vez no se me olvida, la tengo presente",íbanos pa atrás regreso digo vez olvida presente,Return and Reflections / Retorno y reflexiones,99,1.0
"Y ya de ahí nos venimos ya de vuelta, de regreso pa el rancho",ahí venimos vuelta regreso pa rancho,Return and Reflections / Retorno y reflexiones,0,0.6817092283404436
"Se me hace que fue allá el [19]61, ya íbanos de regreso de vuelta pal rancho",hace allá 1961 íbanos regreso vuelta pal rancho,Return and Reflections / Retorno y reflexiones,8,0.6297942984540303
We are glad to know that there is a posibility that he will have an opportunity to return to us,glad know posibility opportunity return us,Return and Reflections / Retorno y reflexiones,476,1.0
